{"lodLevels":1,"environment":null,"filenames":["0_0/meta.json"],"tree":{"bound":{"min":[-5.940138,-6.486811,-3.85646],"max":[8.026773,5.143828,6.748186]},"lods":{"0":{"file":0,"offset":0,"count":87271}}}}