{"lodLevels":4,"environment":null,"filenames":["0_0/meta.json","3_0/meta.json","2_0/meta.json","1_0/meta.json"],"tree":{"bound":{"min":[-12.81972,-4.435751,-5.548828],"max":[11.07004,10.13575,15.19042]},"children":[{"bound":{"min":[-6.545421,-4.112862,-5.548828],"max":[10.23514,10.13575,8.144487]},"children":[{"bound":{"min":[-6.199605,-4.112862,-0.5520457],"max":[6.857561,-0.6775359,4.547775]},"lods":{"0":{"file":0,"offset":0,"count":100772},"1":{"file":3,"offset":0,"count":89165},"2":{"file":2,"offset":0,"count":63512},"3":{"file":1,"offset":0,"count":33059}}},{"bound":{"min":[-6.545421,-1.720305,-5.548828],"max":[10.23514,10.13575,8.144487]},"lods":{"0":{"file":0,"offset":100772,"count":96604},"1":{"file":3,"offset":89165,"count":88142},"2":{"file":2,"offset":63512,"count":67994},"3":{"file":1,"offset":33059,"count":33768}}}]},{"bound":{"min":[-12.81972,-4.435751,-1.524443],"max":[11.07004,8.816802,15.19042]},"children":[{"bound":{"min":[-6.372736,-4.435751,3.503008],"max":[6.895827,0.9861901,15.19042]},"lods":{"0":{"file":0,"offset":197376,"count":101875},"1":{"file":3,"offset":177307,"count":90531},"2":{"file":2,"offset":131506,"count":63641},"3":{"file":1,"offset":66827,"count":30461}}},{"bound":{"min":[-12.81972,-1.731877,-1.524443],"max":[11.07004,8.816802,15.01387]},"lods":{"0":{"file":0,"offset":299251,"count":99842},"1":{"file":3,"offset":267838,"count":89691},"2":{"file":2,"offset":195147,"count":66088},"3":{"file":1,"offset":97288,"count":30888}}}]}]}}